c1,c2
1,홍길동
2,박사장
3,김1
4,김2
5,김3
6,김4
7,김5
8,김6
9,김7
10,김8
11,김9
12,김10
13,김11
14,김12
15,김13
16,김14
17,김15
18,김16
19,김17
20,김18
21,김19
22,김20
23,김21
24,김22
25,김23
26,김24
27,김25
28,김26
29,김27
30,김28
31,김29
32,김30
33,김31
34,김32
35,김33
36,김34
37,김35
38,김36
39,김37
40,김38
41,김39
42,김40
43,김41
44,김42
45,김43
46,김44
47,김45
48,김46
49,김47
50,김48
51,김49
52,김50
53,김51
54,김52
55,김53
56,김54
57,김55
58,김56
59,김57
60,김58
61,김59
62,김60
63,김61
64,김62
65,김63
66,김64
67,김65
68,김66
69,김67
70,김68
71,김69
72,김70
73,김71
74,김72
75,김73
76,김74
77,김75
78,김76
79,김77
80,김78
81,김79
82,김80
83,김81
84,김82
85,김83
86,김84
87,김85
88,김86
89,김87
90,김88
91,김89
92,김90
93,김91
94,김92
95,김93
96,김94
97,김95
98,김96
99,김97
100,김98
